城市特色,所属省份,所属城市,所在县城,价格说明,特色汇总,房价低的原因,缺点,医院资源,交通资源,特产,当地美食
赶海城市,山东,威海,乳山,5万块海景房 精装修，是10年前的步梯房的阁楼,一线海景房,,冬天雪窝子,没有三甲！乳山市人民医院，是三乙医院，但是据说搬迁以后会升三甲,没有机场，但是有高铁站，直达北京,属于世界顶级牡蛎产区，其实他也产一点点的茶叶，还有乳山大姜，并称乳山三宝,乳山蜢子虾酱酿造源于元末明初时期，冯家镇的羊肉汤是乳山一绝，乳山沿海盛产石花菜，琼脂冻就是用石花菜熬制而成的
,山东,烟台,海阳,7万块海景房，同样是10年前的步梯房的7楼,一线海景房,旁边有核电站,冬天雪窝子,没有三甲！海阳市人民医院，二甲医院,没有机场，但是未来会机场规划，有高铁站，可以去蹭青岛和烟台的机场,海阳大樱桃，海阳普罗旺斯番茄，白玉黄瓜，沿海城市海鲜就不说了,海阳包面汤，溜滑溜滑的，老顺祥·郭城摔面，烟台十大面馆，并且是非遗
,广东,湛江,徐闻,8万块海边老破小，新房子4000一平,海滨小城，水果吃不完，是菠萝的故乡,,,没有三甲！只有两个二甲，最近的三甲去湛江,没有机场，需要去湛江吴川机场，高铁没有，但是正在建设湛海高铁,被称为波罗的海，所以这里的菠萝最好吃，全国40%的菠萝是这里产的，湛江生蚝这里也能看到，徐闻的山羊，嘎嘎好吃,徐闻羊三味（羊粥，羊羹和羊骨汤），可早餐可夜宵，徐闻腌粉，一种特制的米粉，同时混合7种稻米和地下深层矿泉制作而成，徐闻马鲛鱼
,广东,惠州,双月湾,网上最低的是6万，但是我找到的是13万，所以要实地去考察,海滨城市，海水很蓝，沙子很白，距离深圳很近,旁边有核电站,,惠州市第三人民医院,惠州平潭机场,惠州梅菜，是岭南三大名菜之一，罗浮山荔枝，龙门年桔,荣俊早茶，里面的广式小吃太好吃了！钟姨糖水，来了广东怎么能不喝糖水？横沥汤粉，来了广东怎么能不嗦粉？
,辽宁,营口,鲅鱼圈,新兴海滨城市，5万元可以买市区内的房子。海边海景电梯房也不贵八九万块钱,冬天比鹤岗和阜新暖和，重点还是海滨城市,没有人!下水时间短!,冬天雪窝子,没有三甲，只有两个营口的的三乙医院,没有机场，但是有高铁站,鲅鱼圈的海蜇和沙蛰非常有名，鲅鱼圈的本海的花盖蟹和紫盖蟹，一口咬下去都是汤啊！,来鲅鱼圈当然要吃鲅鱼，所以就有了鲅鱼饺子和鲅鱼丸子，一个字“鲜美”，但是记住是每年的5月到8月才有，也可以尝一下香煎鲅鱼
,广西,北海，钦州，防城港,下级县城,北海钦州防城港下面的县城的房子，价格很便宜，据说10万以内就有,北部湾的海水还是可以的，而且就在海南对面，所以冬天不冷，避暑圣地，就是cx把这里搞臭了,,,北海有三甲医院，并且有两家,北海有机场,,
,江苏,启东,威尼斯,3000一平，恒大威尼斯，再等等可能还会低,一线海景房,,鬼城,,,啥也没有,连个人也没有！还吃啥
,,,,,,,,,,,
钓鱼资源,广西,百色,田阳,2万块全款，是一个砖厂职工楼,翘觜泛滥了，再不来钓，翘觜就占领地球了,|太热了!据说每年都有把人给热走了,,有三甲医院，广西中医药大学附属瑞康医院田阳院区,有机场，也有高铁，你说气不气人,田阳很热，所以芒果就好吃！田阳的香芒被誉为“芒果之王”,田州古城有一条油茶街，干就完了，打油茶是瑶族和侗乡的美食
,湖北,丹江口市,浪河镇3602,3万块全款职工楼,钓鱼资源丰富,,,没有！只有三乙医院,有机场，丹江口市凉水白龙泉机场,贝贝南瓜，据说是减肥届的天花板,均州八大碗
,,,,,,,,,,,
,,,,,,,,,,,
气候优越,云南,个旧,"云锡集团的职
工楼",5万块就可以全款在这里买套老房子，特点是气候很好,四季如春，气候最好的小城,资源枯竭，据说水质有问题,,有三甲，并且有三家,没有机场，但是有高铁，但是的但是高铁离主城区很远,个旧蔓耗的芒果，云南嘛！当然还有菌子，见手青这里也能吃到,个旧的小串串，特别好吃，蘸糖粉吃的，还有烤吊肝肉店的小心肝，个旧的炊锅也可以尝试
,云南,开远,"热电厂的职工
楼",7.6万全款的步梯顶楼，正儿八经的在10万左右,过冬非常舒服，冬天可以穿短袖，每年的4月蓝印花开满全城，美丽至极,因为是工业城市，所以据说空气不好,,有三甲，并且是整个云南最好的骨科医院,没有机场，也没有高铁，但是高铁站快完工了,鹰嘴蜜桃，7月上市，是开远的名片，,现炒鳝鱼米线，绝对好吃，大庄烧卖，全是牛肉馅的，配上秘制酸汤，好吃，开远还有一家倒闭的啤酒厂，老板在啤酒厂里开了一家饭店
,云南,楚雄,"甘海资以及一
平浪",3.8万可以买一个小院子，带露台带花园，曾经是煤矿厂区的居民楼,夹在大理和昆明的中间，气候非常好,煤矿厂边的房子,地震带,没有三甲,没有高铁，需要坐公交去禄丰做,楚雄牛肝菌，是国家地理标志，大姚核桃，2000年的历史，,
,贵州,黔西南,兴仁,6万元全款买套小别墅，但是评论区说，动迁回购的是6万一套，外地的买是20万一套,气候宜人,,,没有三甲,没有机场，有高铁站,兴仁薏米仁,正宗贞丰地摊火锅
,云南,宣威,羊场镇,1万块一套房老破小,气候宜人，四季如春,煤矿厂边的房子,,有三甲，宣威市中医医院,没有机场，但是已经在建设了，也有高铁,宣威火腿，这个腿不用介绍了吗？天下人都知道，黄豆腐也是很出名，,宣威八大碗，还有吃不完的宣威洋芋
,,,,,,,,,,,
水果之乡(美食之乡),广西,来宾,合山市,3万块一套房，新房子要高达2800元一平，,山清水秀，水果吃不完四泊小罗”小木吃个。..,广西第一大的煤矿,热的吐舌头,有三甲，来宾市人民医院,没有机场，但是有高铁，通往柳州，南宁，桂林都很方便,火龙果，金银花，牛心柿，广西嘛，水果还是基本自由的,竹筒鸡是必须要吃的，红水的鱼很多，所以烤鱼也就回味无穷了，广西人吃酸，所以这里的红糟酸也很有名，肉汤圆非常美味，气死北方人的一道美食
,四川,攀枝花,攀枝花,4万块一套房(炼钢厂的职工楼),冬天暖和，芒果之乡，每年的木棉花开满全城，火红一片，美丽的不行,攀钢,,有三甲医院，并且有三家三甲医院,有机场，攀枝花机场，并且也有高铁,攀枝花的芒果是中国三大芒果产区之一，当然大田石榴也不错，攀枝花的花块菌，是国家地理标志，还有何首乌，还有米易的枇杷，甜的不行,羊肉米线，汤汁浓厚，味道鲜美，盐边油底肉，肉质香椿，肥而不腻，因为有攀钢的存在，美食是不缺的（大家记住一点，无论哪个城市，只要有大型钢厂，周边肯定不缺美食）
,安徽,淮南,民国小镇,3万块一套房,淮南牛肉汤天天喝!,资源枯竭城市,,有三甲，安徽理工大学第一附属医院,没有机场，但是可以蹭合肥的机场，毕竟不远，高铁也有,淮南是中国豆腐之乡，曹庵草莓，作为淮南的第三大特产常常被忽略,淮南牛肉汤，根本喝不完，顺便提一下，淮南是美食之乡，老吴土豆片，姚家冰酒酿，程玲卷饼，小段淮南牛肉汤，老味道麻辣烫
,陕西,宝鸡,宝鸡,老房子很便宜，具体多便宜，我再探!,宝鸡的美食那是相当的多!就怕你吃不完,,,有三甲，并且有6家三甲医院,有机场，有高铁，交通很方便,宝鸡猕猴桃，甜度可达到18度，还有宝鸡的苹果也可以，也产一些葡萄，叫“龙山玉珠”,宝鸡是美食之城，健身的别来，因为都是碳水，宝鸡擀面皮，宝鸡臊子肉夹馍，岐山臊子面，扶风一口香，洋芋搅团
,山东,淄博,博山,最繁华的地段，50平老房子不需要10万,淄博烧烤可以天天吃，据说博山的烧烤更好吃,北方小县城,,有三甲，并且有三家,有机场，有高铁,,博山烧烤，不用介绍了吧！！！
,,,,,,,,,,,
温泉之乡,河北,石家庄,平山温汤,4.5万一套房，温泉入户,温泉入户,,,石家庄有，但是平山没有,有机场，有高铁，但是是在石家庄，不是平山,,
,云南,德宏,,7万块一套，离边境有点近的寨子里，好像没有产权,3块钱的野温泉,,,有三甲，德宏州人民医院,有机场，有高铁,皂角米是被称为“植物燕窝”，德宏物产丰富水果种类多（太多了就不细说了）所以这里的果脯大多是古法手作,
,云南,保山,,6万一套，但是是他下面的县城的老破小,|咖啡之乡+温泉,,,有好几个三甲医院,有机场，有高铁，祖国的最西南，都能有，感叹祖国的强大,小粒咖啡，就是你们喝的瑞幸，每年都在这里进货，保山透心绿蚕豆也很出名还有保山甜柿，,保山火烧肉，肉外面烧焦，里面肉三成熟，真正的外焦里嫩，还有金鸡口袋豆腐，火瓢牛肉是真好吃，问题不知道哪家正宗！沙坝羊肉也是代表美食之一
,云南,大理,洱源,5万块白族小院子，但是没有产权，价格是21年的价格，现在的价格需要再校对,温泉之乡，地热温泉，气候四季如春,白族小院子,地震带,自己只有二甲医院，但是大理有好几个三甲,大理有机场，洱源没有，但是他离丽江机场更近,洱源是梅子之乡，也是国家地理标志,洱源的生皮，就是生的猪皮，就问你敢不敢吃吧
,,,,,,,,,,,
无法归类的,黑龙江,鹤岗,鹤岗,2万块一套50平的小房子,夏天避署,资源枯竭城市,你不住也得交暖气费，报停之后交30%,有4家三甲医院,有一个机场，并且还要建第二个,鹤岗的大米，鹤岗的黑木耳还有鹤岗的猴头菇,鹤岗的烤肉串可以尝试一下，白鱼水饺也可以尝试一下，鹤岗小香槟+鹤岗的烧烤，是这里的烟火
,辽宁,铁岭,清河区,两周前全款5.2w拿下33.5平单位家属房一楼，前楼一个三楼装修完的同样户型要价才3万,中国幽默之都，赵本山的小品，潘长江都出自这里,煤炭资源日渐枯竭,,有三家三甲医院,没有自己的机场，但是离沈阳的机场很近,铁岭榛子，是最出名的,铁岭牛肉火勺，外酥里嫩，香酥可口，里面是牛肉。大甸子羊汤是铁岭的特色菜之一，铁岭李记坛肉据说100年历史了
,湖北,潜江,江汉田油,2.5万可以拥有一套老房子，网友说住这里美滋滋，怎么美滋滋有待考证,,,,有三甲，潜江市中心医院,没有机场，但是正在建设，建设在江汉田油总口农村,潜江虾稻米,潜江小龙虾就不用多说了吧！潜江的财鱼面也可以尝试一下！潜江二回头（是鳝鱼）、焌米茶
,河南,鹤壁,鹤壁,2万块老破小，据说现在拿下鹤岗的一哥了,房价低的城市里算人气最足的了,,,有三甲，鹤壁市第一人民医院,没有机场，有高铁站,淇河缠丝鸭蛋，是最漂亮的鸭蛋，无核枣也很出名，还有花生和小米,浚县八大碗（怎么每个地方都有八大碗），义兴蒋烧鸡源自清朝，我爱吃鸡，王桥豆腐，以其细嫩的质地和纯正的味道，成为鹤壁市的名片
,山东,泰安,肥城矿务局,3万一套老破小，配套齐全，物价便官,,,,有三甲，并且有三家,有机场，但是是山东支线机场,,
,河南,三门峡,灵宝,几万块一套老房子,,,,三门峡有三个三甲，但是灵宝只有三乙,有机场，并且据说要建三个联动机场,,灵宝肉夹馍，灵宝羊肉汤，羊肉胡卜，不知道为什么叫胡卜，但是黏黏糊糊就是好吃
,河南,郑州,新郑,老房子5万块不到，环境教育交通方便，主要是离省会郑州近,蹭郑州的资源，因为近,,,,郑州的机场就在新郑这里,,
,,,,,,,,,,,
7.27日更新,辽宁,阜新,阜新,2万可以全款买套房，是老破小，新房子也不贵，全国倒数第七，3700一平,暖气报停可以不用交费用，70%都是女孩子过来，80%不婚不育主义者，地级市，配套很好，离沈阳近！,煤炭枯竭,,有三家三甲医院,有机场，有高铁，高铁去沈阳30分钟，去北京2小时,阜新玛瑙葡萄是当地的特色水果，阜新小米是当地的特色农产品，当然还有花生也不错,喇嘛糕（京式）是阜新境内蒙古族的一种传统糕点，蒙古馅饼是阜新地区的特色美食，以其皮薄馅足、口感鲜美而著称，喇嘛炖肉是阜新地区的传统名菜，以其肉质鲜嫩、汤汁浓郁而备受赞
,贵州,六盘水,六盘水,3万买套40平小房子，10万买到120平小别墅（别墅这个有待考证！因为不可思议）,中国凉都，气候非常好，物价指数95.6，远低于全国标准，重点是景色很不错,,地震带,有三甲，并且有三家,有机场，有高铁,水城猕猴桃是六盘水的特色水果之一，盘县核桃是六盘水的特色农产品之一，六枝梭筛桃是六盘水的特色水果之一,水城烙锅，选用新鲜的肉类和时令蔬菜，烹饪出一锅锅香气扑鼻的美食，羊肉粉是水城必吃的，青豆腐是六盘水地区的传统名吃
,,,,,,,,,,,
,,,,,,,,,,,
,,,,,,,,,,,
,,,,,,,,,,,
,,,,,,,,,,,
,,,,,,,,,,,
,,,,,,,,,,,
,,,本溪,,,,,,,,
,,,东营,70-80平的房子，比如牛庄镇，离西城区20分钟车程，4万一套还有的挑,,,,,,,
,,抚顺,老城区,3万到4万一套，多个三甲医院，有大学，两个万达广场，消费低，并且不卷,,,,,,,
,广西,,平果,新的躺平圣地，刚刚立市，十万以内肯定能找打，找不到打死那个推荐的本地人,,,,,,,
,,,汉口,,,,10万以内，买套电梯房,,,,
